,pVD,Induced,Uninduced,TIsigner ID,First 30 nt,Type,Company,Full Sequence,Opening Energy,Expression Score,# Reps
0,pVD26,1.0,1.0,RLuc-001(Native),ATGACTTCGAAAGTTTATGATCCAGAACAA,Native,,ATGACTTCGAAAGTTTATGATCCAGAACAAAGGAAACGGATGATAACTGGTCCGCAGTGGTGGGCCAGATGTAAACAAATGAATGTTCTTGATTCATTTATTAATTATTATGATTCAGAAAAACATGCAGAAAATGCTGTTATTTTTTTACATGGTAACGCGGCCTCTTCTTATTTATGGCGACATGTTGTGCCACATATTGAGCCAGTAGCGCGGTGTATTATACCAGATCTTATTGGTATGGGCAAATCAGGCAAATCTGGTAATGGTTCTTATAGGTTACTTGATCATTACAAATATCTTACTGCATGGTTTGAACTTCTTAATTTACCAAAGAAGATCATTTTTGTCGGCCATGATTGGGGTGCTTGTTTGGCATTTCATTATAGCTATGAGCATCAAGATAAGATCAAAGCAATAGTTCACGCTGAAAGTGTAGTAGATGTGATTGAATCATGGGATGAATGGCCTGATATTGAAGAAGATATTGCGTTGATCAAATCTGAAGAAGGAGAAAAAATGGTTTTGGAGAATAACTTCTTCGTGGAAACCATGTTGCCATCAAAAATCATGAGAAAGTTAGAACCAGAAGAATTTGCAGCATATCTTGAACCATTCAAAGAGAAAGGTGAAGTTCGTCGTCCAACATTATCATGGCCTCGTGAAATCCCGTTAGTAAAAGGTGGTAAACCTGACGTTGTACAAATTGTTAGGAATTATAATGCTTATCTACGTGCAAGTGATGATTTACCAAAAATGTTTATTGAATCGGATCCAGGATTCTTTTCCAATGCTATTGTTGAAGGCGCCAAGAAGTTTCCTAATACTGAATTTGTCAAAGTAAAAGGTCTTCATTTTTCGCAAGAAGATGCACCTGATGAAATGGGAAAATATATCAAATCGTTCGTTGAGCGAGTTCTCAAAAATGAACAATAA,13.15,44.74,6
1,pVD55,1.12,1.29,RLuc-TI-003,ATGACAAGTAAAGTTTATGACCCAGAGCAG,Optimised,,ATGACAAGTAAAGTTTATGACCCAGAGCAGAGGAAACGGATGATAACTGGTCCGCAGTGGTGGGCCAGATGTAAACAAATGAATGTTCTTGATTCATTTATTAATTATTATGATTCAGAAAAACATGCAGAAAATGCTGTTATTTTTTTACATGGTAACGCGGCCTCTTCTTATTTATGGCGACATGTTGTGCCACATATTGAGCCAGTAGCGCGGTGTATTATACCAGATCTTATTGGTATGGGCAAATCAGGCAAATCTGGTAATGGTTCTTATAGGTTACTTGATCATTACAAATATCTTACTGCATGGTTTGAACTTCTTAATTTACCAAAGAAGATCATTTTTGTCGGCCATGATTGGGGTGCTTGTTTGGCATTTCATTATAGCTATGAGCATCAAGATAAGATCAAAGCAATAGTTCACGCTGAAAGTGTAGTAGATGTGATTGAATCATGGGATGAATGGCCTGATATTGAAGAAGATATTGCGTTGATCAAATCTGAAGAAGGAGAAAAAATGGTTTTGGAGAATAACTTCTTCGTGGAAACCATGTTGCCATCAAAAATCATGAGAAAGTTAGAACCAGAAGAATTTGCAGCATATCTTGAACCATTCAAAGAGAAAGGTGAAGTTCGTCGTCCAACATTATCATGGCCTCGTGAAATCCCGTTAGTAAAAGGTGGTAAACCTGACGTTGTACAAATTGTTAGGAATTATAATGCTTATCTACGTGCAAGTGATGATTTACCAAAAATGTTTATTGAATCGGATCCAGGATTCTTTTCCAATGCTATTGTTGAAGGCGCCAAGAAGTTTCCTAATACTGAATTTGTCAAAGTAAAAGGTCTTCATTTTTCGCAAGAAGATGCACCTGATGAAATGGGAAAATATATCAAATCGTTCGTTGAGCGAGTTCTCAAAAATGAACAATAA,6.22,97.29,3
2,pVD56,0.98,1.22,RLuc-TI-004,ATGACCAGCAAAGTTTATGACCCAGAGCAG,Optimised,,ATGACCAGCAAAGTTTATGACCCAGAGCAGAGGAAACGGATGATAACTGGTCCGCAGTGGTGGGCCAGATGTAAACAAATGAATGTTCTTGATTCATTTATTAATTATTATGATTCAGAAAAACATGCAGAAAATGCTGTTATTTTTTTACATGGTAACGCGGCCTCTTCTTATTTATGGCGACATGTTGTGCCACATATTGAGCCAGTAGCGCGGTGTATTATACCAGATCTTATTGGTATGGGCAAATCAGGCAAATCTGGTAATGGTTCTTATAGGTTACTTGATCATTACAAATATCTTACTGCATGGTTTGAACTTCTTAATTTACCAAAGAAGATCATTTTTGTCGGCCATGATTGGGGTGCTTGTTTGGCATTTCATTATAGCTATGAGCATCAAGATAAGATCAAAGCAATAGTTCACGCTGAAAGTGTAGTAGATGTGATTGAATCATGGGATGAATGGCCTGATATTGAAGAAGATATTGCGTTGATCAAATCTGAAGAAGGAGAAAAAATGGTTTTGGAGAATAACTTCTTCGTGGAAACCATGTTGCCATCAAAAATCATGAGAAAGTTAGAACCAGAAGAATTTGCAGCATATCTTGAACCATTCAAAGAGAAAGGTGAAGTTCGTCGTCCAACATTATCATGGCCTCGTGAAATCCCGTTAGTAAAAGGTGGTAAACCTGACGTTGTACAAATTGTTAGGAATTATAATGCTTATCTACGTGCAAGTGATGATTTACCAAAAATGTTTATTGAATCGGATCCAGGATTCTTTTCCAATGCTATTGTTGAAGGCGCCAAGAAGTTTCCTAATACTGAATTTGTCAAAGTAAAAGGTCTTCATTTTTCGCAAGAAGATGCACCTGATGAAATGGGAAAATATATCAAATCGTTCGTTGAGCGAGTTCTCAAAAATGAACAATAA,6.36,97.15,3
3,pVD58,1.01,1.14,RLuc-TI-006,ATGACTTCGAAAGTTTATGATCCAGAACAG,Optimised,,ATGACTTCGAAAGTTTATGATCCAGAACAGAGGAAACGGATGATAACTGGTCCGCAGTGGTGGGCCAGATGTAAACAAATGAATGTTCTTGATTCATTTATTAATTATTATGATTCAGAAAAACATGCAGAAAATGCTGTTATTTTTTTACATGGTAACGCGGCCTCTTCTTATTTATGGCGACATGTTGTGCCACATATTGAGCCAGTAGCGCGGTGTATTATACCAGATCTTATTGGTATGGGCAAATCAGGCAAATCTGGTAATGGTTCTTATAGGTTACTTGATCATTACAAATATCTTACTGCATGGTTTGAACTTCTTAATTTACCAAAGAAGATCATTTTTGTCGGCCATGATTGGGGTGCTTGTTTGGCATTTCATTATAGCTATGAGCATCAAGATAAGATCAAAGCAATAGTTCACGCTGAAAGTGTAGTAGATGTGATTGAATCATGGGATGAATGGCCTGATATTGAAGAAGATATTGCGTTGATCAAATCTGAAGAAGGAGAAAAAATGGTTTTGGAGAATAACTTCTTCGTGGAAACCATGTTGCCATCAAAAATCATGAGAAAGTTAGAACCAGAAGAATTTGCAGCATATCTTGAACCATTCAAAGAGAAAGGTGAAGTTCGTCGTCCAACATTATCATGGCCTCGTGAAATCCCGTTAGTAAAAGGTGGTAAACCTGACGTTGTACAAATTGTTAGGAATTATAATGCTTATCTACGTGCAAGTGATGATTTACCAAAAATGTTTATTGAATCGGATCCAGGATTCTTTTCCAATGCTATTGTTGAAGGCGCCAAGAAGTTTCCTAATACTGAATTTGTCAAAGTAAAAGGTCTTCATTTTTCGCAAGAAGATGCACCTGATGAAATGGGAAAATATATCAAATCGTTCGTTGAGCGAGTTCTCAAAAATGAACAATAA,10.13,80.31,3
4,pVD59,0.92,1.16,RLuc-TI-007,ATGACATCAAAAGTTTATGATCCAGAACAA,Optimised,,ATGACATCAAAAGTTTATGATCCAGAACAAAGGAAACGGATGATAACTGGTCCGCAGTGGTGGGCCAGATGTAAACAAATGAATGTTCTTGATTCATTTATTAATTATTATGATTCAGAAAAACATGCAGAAAATGCTGTTATTTTTTTACATGGTAACGCGGCCTCTTCTTATTTATGGCGACATGTTGTGCCACATATTGAGCCAGTAGCGCGGTGTATTATACCAGATCTTATTGGTATGGGCAAATCAGGCAAATCTGGTAATGGTTCTTATAGGTTACTTGATCATTACAAATATCTTACTGCATGGTTTGAACTTCTTAATTTACCAAAGAAGATCATTTTTGTCGGCCATGATTGGGGTGCTTGTTTGGCATTTCATTATAGCTATGAGCATCAAGATAAGATCAAAGCAATAGTTCACGCTGAAAGTGTAGTAGATGTGATTGAATCATGGGATGAATGGCCTGATATTGAAGAAGATATTGCGTTGATCAAATCTGAAGAAGGAGAAAAAATGGTTTTGGAGAATAACTTCTTCGTGGAAACCATGTTGCCATCAAAAATCATGAGAAAGTTAGAACCAGAAGAATTTGCAGCATATCTTGAACCATTCAAAGAGAAAGGTGAAGTTCGTCGTCCAACATTATCATGGCCTCGTGAAATCCCGTTAGTAAAAGGTGGTAAACCTGACGTTGTACAAATTGTTAGGAATTATAATGCTTATCTACGTGCAAGTGATGATTTACCAAAAATGTTTATTGAATCGGATCCAGGATTCTTTTCCAATGCTATTGTTGAAGGCGCCAAGAAGTTTCCTAATACTGAATTTGTCAAAGTAAAAGGTCTTCATTTTTCGCAAGAAGATGCACCTGATGAAATGGGAAAATATATCAAATCGTTCGTTGAGCGAGTTCTCAAAAATGAACAATAA,10.38,77.87,3
5,pVD60,1.3,1.16,RLuc-TI-008,ATGACGTCGAAAGTTTACGATCCAGAACAA,Optimised,,ATGACGTCGAAAGTTTACGATCCAGAACAAAGGAAACGGATGATAACTGGTCCGCAGTGGTGGGCCAGATGTAAACAAATGAATGTTCTTGATTCATTTATTAATTATTATGATTCAGAAAAACATGCAGAAAATGCTGTTATTTTTTTACATGGTAACGCGGCCTCTTCTTATTTATGGCGACATGTTGTGCCACATATTGAGCCAGTAGCGCGGTGTATTATACCAGATCTTATTGGTATGGGCAAATCAGGCAAATCTGGTAATGGTTCTTATAGGTTACTTGATCATTACAAATATCTTACTGCATGGTTTGAACTTCTTAATTTACCAAAGAAGATCATTTTTGTCGGCCATGATTGGGGTGCTTGTTTGGCATTTCATTATAGCTATGAGCATCAAGATAAGATCAAAGCAATAGTTCACGCTGAAAGTGTAGTAGATGTGATTGAATCATGGGATGAATGGCCTGATATTGAAGAAGATATTGCGTTGATCAAATCTGAAGAAGGAGAAAAAATGGTTTTGGAGAATAACTTCTTCGTGGAAACCATGTTGCCATCAAAAATCATGAGAAAGTTAGAACCAGAAGAATTTGCAGCATATCTTGAACCATTCAAAGAGAAAGGTGAAGTTCGTCGTCCAACATTATCATGGCCTCGTGAAATCCCGTTAGTAAAAGGTGGTAAACCTGACGTTGTACAAATTGTTAGGAATTATAATGCTTATCTACGTGCAAGTGATGATTTACCAAAAATGTTTATTGAATCGGATCCAGGATTCTTTTCCAATGCTATTGTTGAAGGCGCCAAGAAGTTTCCTAATACTGAATTTGTCAAAGTAAAAGGTCTTCATTTTTCGCAAGAAGATGCACCTGATGAAATGGGAAAATATATCAAATCGTTCGTTGAGCGAGTTCTCAAAAATGAACAATAA,9.9,82.37,3
6,pVD61,0.97,0.98,RLuc-TI-009,ATGACATCGAAAGTTTACGATCCAGAACAA,Optimised,,ATGACATCGAAAGTTTACGATCCAGAACAAAGGAAACGGATGATAACTGGTCCGCAGTGGTGGGCCAGATGTAAACAAATGAATGTTCTTGATTCATTTATTAATTATTATGATTCAGAAAAACATGCAGAAAATGCTGTTATTTTTTTACATGGTAACGCGGCCTCTTCTTATTTATGGCGACATGTTGTGCCACATATTGAGCCAGTAGCGCGGTGTATTATACCAGATCTTATTGGTATGGGCAAATCAGGCAAATCTGGTAATGGTTCTTATAGGTTACTTGATCATTACAAATATCTTACTGCATGGTTTGAACTTCTTAATTTACCAAAGAAGATCATTTTTGTCGGCCATGATTGGGGTGCTTGTTTGGCATTTCATTATAGCTATGAGCATCAAGATAAGATCAAAGCAATAGTTCACGCTGAAAGTGTAGTAGATGTGATTGAATCATGGGATGAATGGCCTGATATTGAAGAAGATATTGCGTTGATCAAATCTGAAGAAGGAGAAAAAATGGTTTTGGAGAATAACTTCTTCGTGGAAACCATGTTGCCATCAAAAATCATGAGAAAGTTAGAACCAGAAGAATTTGCAGCATATCTTGAACCATTCAAAGAGAAAGGTGAAGTTCGTCGTCCAACATTATCATGGCCTCGTGAAATCCCGTTAGTAAAAGGTGGTAAACCTGACGTTGTACAAATTGTTAGGAATTATAATGCTTATCTACGTGCAAGTGATGATTTACCAAAAATGTTTATTGAATCGGATCCAGGATTCTTTTCCAATGCTATTGTTGAAGGCGCCAAGAAGTTTCCTAATACTGAATTTGTCAAAGTAAAAGGTCTTCATTTTTCGCAAGAAGATGCACCTGATGAAATGGGAAAATATATCAAATCGTTCGTTGAGCGAGTTCTCAAAAATGAACAATAA,9.93,82.11,3
7,pVD62,0.94,0.88,RLuc-TI-010,ATGACCTCGAAAGTTTATGACCCAGAACAA,Optimised,,ATGACCTCGAAAGTTTATGACCCAGAACAAAGGAAACGGATGATAACTGGTCCGCAGTGGTGGGCCAGATGTAAACAAATGAATGTTCTTGATTCATTTATTAATTATTATGATTCAGAAAAACATGCAGAAAATGCTGTTATTTTTTTACATGGTAACGCGGCCTCTTCTTATTTATGGCGACATGTTGTGCCACATATTGAGCCAGTAGCGCGGTGTATTATACCAGATCTTATTGGTATGGGCAAATCAGGCAAATCTGGTAATGGTTCTTATAGGTTACTTGATCATTACAAATATCTTACTGCATGGTTTGAACTTCTTAATTTACCAAAGAAGATCATTTTTGTCGGCCATGATTGGGGTGCTTGTTTGGCATTTCATTATAGCTATGAGCATCAAGATAAGATCAAAGCAATAGTTCACGCTGAAAGTGTAGTAGATGTGATTGAATCATGGGATGAATGGCCTGATATTGAAGAAGATATTGCGTTGATCAAATCTGAAGAAGGAGAAAAAATGGTTTTGGAGAATAACTTCTTCGTGGAAACCATGTTGCCATCAAAAATCATGAGAAAGTTAGAACCAGAAGAATTTGCAGCATATCTTGAACCATTCAAAGAGAAAGGTGAAGTTCGTCGTCCAACATTATCATGGCCTCGTGAAATCCCGTTAGTAAAAGGTGGTAAACCTGACGTTGTACAAATTGTTAGGAATTATAATGCTTATCTACGTGCAAGTGATGATTTACCAAAAATGTTTATTGAATCGGATCCAGGATTCTTTTCCAATGCTATTGTTGAAGGCGCCAAGAAGTTTCCTAATACTGAATTTGTCAAAGTAAAAGGTCTTCATTTTTCGCAAGAAGATGCACCTGATGAAATGGGAAAATATATCAAATCGTTCGTTGAGCGAGTTCTCAAAAATGAACAATAA,9.55,85.25,3
8,pVD54,1.0,1.27,RLuc-TI-002,ATGACATCAAAAGTATACGACCCAGAGCAG,Optimised,,ATGACATCAAAAGTATACGACCCAGAGCAGAGGAAACGGATGATAACTGGTCCGCAGTGGTGGGCCAGATGTAAACAAATGAATGTTCTTGATTCATTTATTAATTATTATGATTCAGAAAAACATGCAGAAAATGCTGTTATTTTTTTACATGGTAACGCGGCCTCTTCTTATTTATGGCGACATGTTGTGCCACATATTGAGCCAGTAGCGCGGTGTATTATACCAGATCTTATTGGTATGGGCAAATCAGGCAAATCTGGTAATGGTTCTTATAGGTTACTTGATCATTACAAATATCTTACTGCATGGTTTGAACTTCTTAATTTACCAAAGAAGATCATTTTTGTCGGCCATGATTGGGGTGCTTGTTTGGCATTTCATTATAGCTATGAGCATCAAGATAAGATCAAAGCAATAGTTCACGCTGAAAGTGTAGTAGATGTGATTGAATCATGGGATGAATGGCCTGATATTGAAGAAGATATTGCGTTGATCAAATCTGAAGAAGGAGAAAAAATGGTTTTGGAGAATAACTTCTTCGTGGAAACCATGTTGCCATCAAAAATCATGAGAAAGTTAGAACCAGAAGAATTTGCAGCATATCTTGAACCATTCAAAGAGAAAGGTGAAGTTCGTCGTCCAACATTATCATGGCCTCGTGAAATCCCGTTAGTAAAAGGTGGTAAACCTGACGTTGTACAAATTGTTAGGAATTATAATGCTTATCTACGTGCAAGTGATGATTTACCAAAAATGTTTATTGAATCGGATCCAGGATTCTTTTCCAATGCTATTGTTGAAGGCGCCAAGAAGTTTCCTAATACTGAATTTGTCAAAGTAAAAGGTCTTCATTTTTCGCAAGAAGATGCACCTGATGAAATGGGAAAATATATCAAATCGTTCGTTGAGCGAGTTCTCAAAAATGAACAATAA,5.77,97.63,4
9,pVD27,1.33,2.8,RLuc-002(GeneArt),ATGACCAGCAAAGTTTATGATCCGGAACAG,Commercial,GeneArt,ATGACCAGCAAAGTTTATGATCCGGAACAGCGTAAACGTATGATTACCGGTCCGCAGTGGTGGGCACGTTGTAAACAAATGAATGTTCTGGATAGCTTCATCAACTATTACGACAGCGAAAAACATGCCGAAAACGCCGTTATTTTTCTGCATGGTAATGCAGCAAGCAGCTATCTGTGGCGTCATGTTGTTCCGCATATTGAACCGGTTGCGCGTTGTATTATTCCGGATCTGATTGGTATGGGTAAAAGCGGTAAATCAGGTAATGGTAGCTATCGTCTGCTGGATCATTACAAATATCTGACCGCATGGTTTGAACTGCTGAATCTGCCGAAAAAAATCATCTTTGTGGGTCATGATTGGGGTGCATGTCTGGCATTTCATTATAGCTATGAACACCAGGACAAAATCAAAGCCATTGTTCATGCGGAAAGCGTTGTTGATGTTATTGAAAGCTGGGATGAATGGCCTGATATCGAAGAAGATATTGCCCTGATTAAAAGCGAAGAGGGTGAAAAAATGGTGCTGGAAAACAACTTTTTCGTGGAAACCATGCTGCCGAGCAAAATTATGCGTAAACTGGAACCGGAAGAATTTGCAGCATATCTGGAACCGTTTAAAGAAAAAGGTGAAGTTCGTCGTCCGACACTGAGCTGGCCTCGTGAAATTCCGCTGGTTAAAGGTGGTAAACCGGATGTTGTTCAGATTGTGCGTAACTATAATGCATATCTGCGTGCAAGTGATGACCTGCCTAAAATGTTTATCGAAAGCGATCCGGGTTTTTTTAGCAATGCAATTGTTGAAGGTGCCAAGAAATTTCCGAATACCGAATTCGTTAAAGTGAAAGGCCTGCACTTTAGCCAAGAGGATGCACCGGATGAAATGGGCAAATATATCAAAAGCTTTGTGGAACGCGTGCTGAAAAACGAACAGTAA,9.79,83.34,3
10,pVD31,1.62,3.04,RLuc-003(IDT),ATGACGTCCAAGGTTTACGATCCTGAGCAG,Commercial,IDT,ATGACGTCCAAGGTTTACGATCCTGAGCAGCGTAAGCGGATGATAACTGGGCCTCAGTGGTGGGCTCGCTGTAAGCAGATGAACGTGTTGGATTCCTTCATAAACTATTACGATAGCGAGAAGCACGCCGAGAATGCTGTGATATTCCTTCATGGTAACGCGGCTAGTTCTTATTTATGGCGGCACGTTGTACCCCATATTGAGCCGGTCGCTAGATGTATCATTCCAGACTTGATAGGGATGGGTAAGAGTGGCAAATCCGGTAACGGTTCGTATAGACTGTTAGATCACTACAAGTACTTGACTGCTTGGTTCGAGCTTCTTAATCTGCCGAAAAAAATCATATTCGTCGGCCATGACTGGGGGGCATGCCTTGCGTTTCATTATTCGTACGAGCATCAAGATAAAATTAAGGCTATAGTGCATGCTGAGAGCGTGGTAGATGTTATAGAGTCATGGGACGAATGGCCTGATATCGAAGAAGATATCGCCTTAATTAAATCAGAAGAGGGCGAGAAGATGGTGTTAGAGAACAACTTTTTCGTCGAGACAATGCTTCCATCAAAGATTATGCGTAAACTTGAACCGGAGGAATTTGCTGCATACTTAGAGCCATTCAAGGAGAAAGGTGAAGTACGCCGCCCAACGTTATCTTGGCCCCGCGAGATACCGCTTGTTAAGGGTGGTAAACCTGATGTGGTACAGATAGTGCGCAACTATAACGCTTATTTACGTGCATCGGACGACTTACCAAAGATGTTTATCGAATCCGATCCCGGCTTTTTCAGTAACGCTATCGTCGAAGGTGCGAAGAAATTTCCGAACACTGAGTTTGTTAAGGTTAAGGGTCTTCACTTCTCACAAGAAGACGCACCGGATGAAATGGGCAAATATATCAAATCATTCGTAGAAAGAGTCCTGAAGAACGAGCAGTAA,11.18,68.97,3
11,pVD32,1.37,1.84,RLuc-004(Epoch),ATGACCAGCAAAGTGTATGATCCGGAACAG,Commercial,Epoch,ATGACCAGCAAAGTGTATGATCCGGAACAGCGCAAACGCATGATTACCGGCCCGCAGTGGTGGGCGCGCTGCAAACAGATGAACGTGCTGGATAGCTTTATTAACTATTATGATAGCGAAAAACATGCGGAAAACGCGGTGATTTTTCTGCATGGCAACGCGGCGAGCAGCTATCTGTGGCGTCATGTGGTGCCGCATATTGAACCAGTGGCGCGCTGCATTATTCCGGATCTGATTGGCATGGGCAAAAGCGGCAAAAGCGGCAACGGCAGCTATCGCCTGCTGGATCATTATAAATATCTGACCGCGTGGTTTGAACTGCTGAACCTGCCGAAAAAAATTATTTTTGTGGGCCATGATTGGGGCGCGTGCCTGGCGTTTCATTATAGCTATGAACATCAGGATAAAATTAAAGCGATTGTGCACGCGGAAAGCGTGGTGGATGTGATTGAAAGCTGGGATGAATGGCCGGATATTGAAGAAGATATTGCGCTGATTAAAAGCGAAGAAGGCGAAAAAATGGTGCTGGAAAACAACTTTTTTGTGGAAACCATGCTGCCGAGCAAAATTATGCGCAAACTGGAACCGGAAGAATTTGCGGCGTATCTGGAACCGTTTAAAGAAAAAGGCGAAGTGCGCCGCCCGACCCTGAGCTGGCCGCGCGAAATTCCGCTGGTGAAAGGCGGCAAACCGGATGTGGTCCAGATTGTGCGCAACTATAACGCGTATCTGCGCGCGAGCGATGATCTGCCGAAAATGTTTATTGAAAGCGATCCGGGCTTTTTTAGCAACGCGATTGTGGAAGGCGCGAAAAAATTTCCGAACACCGAATTTGTGAAAGTGAAGGGCCTGCATTTTAGCCAGGAAGATGCGCCGGATGAAATGGGCAAATATATTAAGAGCTTTGTGGAACGCGTGCTGAAAAACGAACAGTAA,9.74,83.72,3
12,pVD33,1.38,3.2,RLuc-005(GenScript),ATGACCAGCAAAGTGTATGACCCGGAACAA,Commercial,GenScript,ATGACCAGCAAAGTGTATGACCCGGAACAACGCAAACGCATGATTACCGGCCCGCAATGGTGGGCGCGCTGCAAACAGATGAATGTGCTGGATAGCTTTATCAACTACTATGACAGCGAGAAGCACGCGGAAAACGCGGTGATTTTCCTGCACGGTAACGCGGCGAGCAGCTACCTGTGGCGTCACGTGGTTCCGCACATCGAGCCGGTTGCGCGTTGCATCATTCCGGATCTGATTGGTATGGGCAAGAGCGGCAAAAGCGGTAACGGCAGCTATCGTCTGCTGGACCACTACAAATATCTGACCGCGTGGTTCGAACTGCTGAACCTGCCGAAGAAAATCATTTTTGTTGGTCATGATTGGGGCGCGTGCCTGGCGTTCCACTACAGCTATGAGCACCAGGATAAGATCAAAGCGATTGTGCACGCGGAAAGCGTGGTTGACGTTATCGAGAGCTGGGACGAATGGCCGGATATTGAGGAAGACATCGCGCTGATTAAGAGCGAGGAAGGTGAAAAAATGGTGCTGGAAAACAACTTCTTTGTGGAAACCATGCTGCCGAGCAAGATCATGCGTAAACTGGAGCCGGAGGAATTCGCGGCGTACCTGGAACCGTTTAAGGAGAAAGGCGAAGTGCGTCGTCCGACCCTGAGCTGGCCGCGTGAAATCCCGCTGGTGAAGGGTGGCAAACCGGATGTGGTTCAGATTGTTCGTAACTACAACGCGTATCTGCGTGCGAGCGACGATCTGCCGAAGATGTTTATCGAGAGCGACCCGGGTTTCTTTAGCAACGCGATTGTTGAGGGCGCGAAGAAATTCCCGAACACCGAATTTGTGAAGGTTAAAGGTCTGCACTTCAGCCAAGAAGACGCGCCGGACGAAATGGGTAAATACATCAAGAGCTTTGTGGAGCGTGTGCTGAAAAATGAACAGTAA,9.63,84.64,3
13,pVD34,1.44,5.12,RLuc-006(ATUM),ATGACCTCCAAAGTCTATGACCCTGAACAA,Commercial,ATUM,ATGACCTCCAAAGTCTATGACCCTGAACAACGTAAACGCATGATTACCGGCCCACAGTGGTGGGCGCGTTGCAAACAGATGAATGTGCTGGATAGCTTCATCAACTACTACGATAGCGAGAAACACGCGGAAAATGCTGTGATTTTCCTGCACGGTAACGCCGCGAGCTCTTACTTGTGGCGCCATGTTGTCCCGCATATTGAACCGGTTGCACGCTGCATCATTCCGGACCTGATCGGTATGGGTAAGAGCGGCAAGAGCGGTAACGGCAGCTACCGTCTGCTCGACCACTACAAGTATCTGACGGCATGGTTCGAACTGCTGAATCTGCCGAAGAAAATCATCTTTGTCGGCCACGATTGGGGTGCCTGTCTGGCATTCCATTATAGCTATGAGCATCAAGACAAAATCAAAGCGATTGTCCACGCGGAGAGCGTTGTTGACGTGATCGAGAGCTGGGACGAGTGGCCGGATATTGAAGAAGATATTGCCTTGATCAAGTCCGAAGAGGGCGAGAAAATGGTTCTGGAGAATAACTTCTTCGTGGAAACCATGCTGCCGTCCAAGATCATGCGTAAATTGGAGCCGGAAGAATTTGCAGCGTATCTGGAGCCGTTTAAAGAGAAAGGTGAAGTCCGTCGTCCGACGCTGAGCTGGCCACGCGAGATTCCGCTGGTTAAGGGTGGTAAGCCTGACGTCGTGCAAATCGTGCGTAACTACAATGCCTACTTACGTGCAAGCGACGATCTGCCGAAAATGTTCATTGAGTCTGATCCGGGTTTCTTTAGCAACGCGATTGTTGAGGGTGCTAAAAAGTTTCCGAACACCGAGTTTGTTAAGGTCAAGGGCCTGCACTTCAGCCAGGAAGATGCGCCGGACGAAATGGGCAAGTACATCAAGTCGTTTGTGGAGCGCGTCCTGAAAAATGAGCAGTAA,7.73,94.57,3
14,pVD57,0.88,1.07,RLuc-TI-005,ATGACAAGCAAAGTTTATGACCCAGAGCAG,Optimised,,ATGACAAGCAAAGTTTATGACCCAGAGCAGAGGAAACGGATGATAACTGGTCCGCAGTGGTGGGCCAGATGTAAACAAATGAATGTTCTTGATTCATTTATTAATTATTATGATTCAGAAAAACATGCAGAAAATGCTGTTATTTTTTTACATGGTAACGCGGCCTCTTCTTATTTATGGCGACATGTTGTGCCACATATTGAGCCAGTAGCGCGGTGTATTATACCAGATCTTATTGGTATGGGCAAATCAGGCAAATCTGGTAATGGTTCTTATAGGTTACTTGATCATTACAAATATCTTACTGCATGGTTTGAACTTCTTAATTTACCAAAGAAGATCATTTTTGTCGGCCATGATTGGGGTGCTTGTTTGGCATTTCATTATAGCTATGAGCATCAAGATAAGATCAAAGCAATAGTTCACGCTGAAAGTGTAGTAGATGTGATTGAATCATGGGATGAATGGCCTGATATTGAAGAAGATATTGCGTTGATCAAATCTGAAGAAGGAGAAAAAATGGTTTTGGAGAATAACTTCTTCGTGGAAACCATGTTGCCATCAAAAATCATGAGAAAGTTAGAACCAGAAGAATTTGCAGCATATCTTGAACCATTCAAAGAGAAAGGTGAAGTTCGTCGTCCAACATTATCATGGCCTCGTGAAATCCCGTTAGTAAAAGGTGGTAAACCTGACGTTGTACAAATTGTTAGGAATTATAATGCTTATCTACGTGCAAGTGATGATTTACCAAAAATGTTTATTGAATCGGATCCAGGATTCTTTTCCAATGCTATTGTTGAAGGCGCCAAGAAGTTTCCTAATACTGAATTTGTCAAAGTAAAAGGTCTTCATTTTTCGCAAGAAGATGCACCTGATGAAATGGGAAAATATATCAAATCGTTCGTTGAGCGAGTTCTCAAAAATGAACAATAA,6.38,97.12,3
